Drug,mutation,WHO_Odds_Ratio,ALL_Odds_Ratio
Levofloxacin,gyrA_p.Ala90Gly,1.055767716759663,1.031208315452069
Ethambutol,embA_p.Val468Ala,1.03959013544724,1.008389547781623
Ethambutol,embB_c.660G>A,1.01680880848565,1.005916028687153
Ethambutol,embC_c.-20A>C,1.012323457698847,1.005857462223557
Streptomycin,rrs_n.492C>T,0.955117627651924,1.004917216790356
Ethambutol,embA_p.Pro639Ser,1.008915787708809,1.004575633599582
Isoniazid,katG_c.-354C>T,0.9944936729250192,0.9998166085040792
Ethambutol,embB_p.Val668Ile,0.9887858772370268,0.9899901968520964
Kanamycin,whiB7_c.-178C>T,0.973384814462117,0.9828866726254546
