Drug,mutation,WHO_Odds_Ratio,ALL_Odds_Ratio,Present_S,Present_R
Ethambutol,embC_c.-1520C>A,1.05616950427744,1.020373961705546,76.0,4.0
Ethambutol,ubiA_p.Val49Ile,1.043340012222718,1.018749271421563,77.0,4.0
Ethambutol,embB_c.660G>A,1.01680880848565,1.005916028687153,92.0,4.0
Ethambutol,embC_c.-20A>C,1.012323457698847,1.005857462223557,57.0,16.0
Ethambutol,embA_p.Pro639Ser,1.008915787708809,1.004575633599582,58.0,16.0
Levofloxacin,gyrA_p.Ala90Gly,1.055767716759663,1.031208315452069,24.0,1.0
Moxifloxacin,gyrA_p.Thr80Ala,0.9786124930790032,1.027991669501271,24.0,3.0
Streptomycin,rrs_n.492C>T,0.955117627651924,1.004917216790356,571.0,81.0
